{
  "61 Riesner St, Houston Texas": [29.7661295, -95.37125],
  "1124 Central Fwy, Wichita Falls Texas": [33.935163, -98.5173848],
  "1501 US-287 N Bus, Midlothian Texas": [32.4796004, -97.019683],
  "2105 S Goliad St, Rockwall Texas": [32.9071579, -96.4500695],
  "3635 E Houston St, San Antonio Texas": [29.4254608, -98.4270772],
  "5200 Cholla Rd, Midland Texas": [31.9471215, -102.1405904],
  "1842 N Foster Rd, San Antonio Texas": [29.4474318, -98.3598963],
  "581 Vinton Rd, Vinton Texas": [31.9581539, -106.5889979],
  "4221 N Interstate 27, Lubbock Texas": [33.6423128, -101.8372874],
  "4712 Maher Ave, Laredo Texas": [27.5345732, -99.4717808],
  "Cotton Gin Rd, Troy Texas": [31.1906643, -97.3113431],
  "7425 Bonnie View Rd, Dallas Texas": [32.6572148, -96.7520919],
  "8600 Wurzbach Rd, San Antonio Texas": [29.5220776, -98.5706359],
  "5555 Airport Blvd, Austin Texas": [30.3175321, -97.7124291],
  "505 W Felix St, Ft Worth Texas": [32.6779812, -97.3305226],
  "9600 Dyer St, El Paso Texas": [31.88626, -106.417105],
  "1295 Horizon Blvd, El Paso Texas": [31.6581861, -106.2433261],
  "202 20 Frontage Rd, Cisco Texas": [32.3920695, -98.648602],
  "8055 I 35 S, Waco Texas": [31.5227178, -97.1349449],
  "2004 N Cleveland St, Dayton Texas": [30.044508, -94.8903564],
  "5805 N Lamar Blvd, Austin Texas": [30.3272178, -97.7229216],
  "1200 Travis St, Houston Texas": [29.755946, -95.367133],
  "334 S Hall St, Dallas Texas": [32.7822253, -96.7782037],
  "4201 Ed Bluestein Blvd, Austin Texas": [30.277684, -97.666014],
  "15919 North Fwy, Houston Texas": [29.9991417, -95.4271967],
  "2537 TX-21, Paige Texas": [30.213645, -97.1396153],
  "217 E Market St, Sinton Texas": [28.0378715, -97.5089467],
  "12210 Galveston Rd, Houston Texas": [29.5921791, -95.1689214],
  "1030 SW Green Oaks Blvd, Arlington Texas": [32.6596693, -97.1277795],
  "1333 US-283 N, Baird Texas": [32.4500329, -98.8568679],
  "1400 Boston Ave, Nederland Texas": [29.974247, -93.992741],
  "3002 US-57 N, Eagle Pass Texas": [28.7096819, -100.4638545],
  "1451 US-77 Bus, Kingsville Texas": [27.529287, -97.8435628],
  "725 N Jim Miller Rd, Dallas Texas": [32.7232178, -96.7013645],
  "1101 Uniroyal Dr, Laredo Texas": [27.6841006, -99.4614417],
  "1400 Botham Jean Blvd, Dallas Texas": [32.7678239, -96.7949499],
  "911 N Raynor St, El Paso Texas": [31.7829294, -106.4600174],
  "2060 W Green Oaks Blvd, Arlington Texas": [32.7113625, -97.1896213],
  "10101 Jacksboro Hwy, Fort Worth Texas": [32.8391481, -97.492241],
  "13745 N Ih 35, Jarrell Texas": [30.8383508, -97.5991823],
  "6930 E Interstate 40, Amarillo Texas": [35.1917896, -101.7614085],
  "3880 Loop 467, Sonora Texas": [30.570928, -100.5855351],
  "43 US Highway 87, Comfort Texas": [29.9820647, -98.902505],
  "8755 N Riverside Dr, Ft Worth Texas": [32.9012943, -97.3070477],
  "5020 Prue Rd, San Antonio Texas": [29.5428693, -98.5841246],
  "620 W Division St, Arlington Texas": [32.7383626, -97.1136677],
  "2600 W Travis St, Sherman Texas": [33.6014416, -96.6102007],
  "8839 SW Loop 410, San Antonio Texas": [29.328688, -98.6204861]
}
